Workbook

Sheet Tests
A1: Test ID | B1: Test Name | C1: Test Status | D1: ValidTestStatuses | E1: Test Priority | G1: =COUNTIF(TestMaster[Test Status], "Not Implemented") -> 15 | H1: Row Labels | I1: Count of Test Status
A2: =ROW()-1 -> 1 | B2: {='Element Import Testing'!A1:A1} -> Import Select Redundant Name | C2: Not Implemented | D2: Fail | E2: Medium | G2: =COUNTIF(TestMaster[Test Status], "Pass") -> 0 | H2: Not Implemented | I2: 17
A3: =ROW()-1 -> 2 | B3: {='Element Creation Testing'!A1:A1} -> Element Quantity Creation | C3: Not Implemented | D3: Not Run | E3: High | G3: =COUNTIF(TestMaster[Test Status], "Fail") -> 0 | H3: Grand Total | I3: 17
A4: =ROW()-1 -> 3 | B4: {='Element Creation Testing'!G1:G1} -> Nameless Module Creation | C4: Not Implemented | E4: Medium | G4: =COUNTIF(TestMaster[Test Status], "Not Run") -> 0
A5: =ROW()-1 -> 4 | B5: {='Element Creation Testing'!M1:M1} -> Redundant Element Creation | C5: Not Implemented | E5: Low
A6: =ROW()-1 -> 5 | B6: ='Element Modification Testing'!A1 -> No Element to Modify | C6: Not Implemented | E6: Medium
A7: =ROW()-1 -> 6 | B7: ='Element Modification Testing'!G1 -> Completed Element Modification | C7: Not Implemented | E7: Medium
A8: =ROW()-1 -> 7 | B8: ='Element Modification Testing'!M1 -> Modify into Redundant Element Name | C8: Not Implemented | E8: Low
A9: =ROW()-1 -> 8 | B9: ='Element Deletion Testing'!A1 -> Delete No Element Type | C9: Not Implemented | E9: Medium
A10: =ROW()-1 -> 9 | B10: ='Element Deletion Testing'!G1 -> Delete Element Found | C10: Not Implemented | E10: Medium
A11: =ROW()-1 -> 10 | B11: ='Element Deletion Testing'!M1 -> Delete Module by Port | C11: Not Implemented | E11: Low
A12: =ROW()-1 -> 11 | B12: ='File Manipulation Testing'!A1 -> New File Creation | C12: Not Implemented | E12: High
A13: =ROW()-1 -> 12 | B13: ='File Manipulation Testing'!G1 -> Save File | C13: Not Implemented | E13: High
A14: =ROW()-1 -> 13 | B14: ='File Manipulation Testing'!M1 -> Load File | C14: Not Implemented | E14: Medium
A15: =ROW()-1 -> 14 | B15: ='File Manipulation Testing'!S1 -> Validate File | C15: Not Implemented | E15: Low
A16: =ROW()-1 -> 15 | B16: ='File Manipulation Testing'!Y1 -> ActionSelectLayout | C16: Not Implemented | E16: High

Sheet Element Import Testing
A1: Import Select Redundant Name
A2: Test Case ID: | C2: =IFERROR(_xlfn.XLOOKUP(A1, TestMaster[Test Name], TestMaster[Test ID], "ID not found"), "") -> 1 | E2: Test Execution Date:
A3: Test Priority: | C3: =IFERROR(_xlfn.XLOOKUP(A1, TestMaster[Test Name], TestMaster[Test Priority], "Priority not found"), "") -> Medium | E3: Test Status: | F3: =IFERROR(_xlfn.XLOOKUP(A1, TestMaster[Test Name], TestMaster[Test Status], "Status not found"), "") -> Not Implemented
A4: Description: Test the functionality of the Import Element block
A6: Preconditions:
A7: Step | B7: Test Step | C7: Used Data | D7: Expected Result | E7: Status | F7: Notes
A8: 1 | B8: "Import Element" Press | C8: button Press | D8: open file explorer
A9: =A8+1 -> 2 | B9: Select File to import from | C9: C:\Users\i01505732\OneDrive - Endress+Hauser\Thesis Work\CodeProjects\L5XFiles\TemplateFiles | D9: open type select window
A10: =A9+1 -> 3 | B10: Select Element Type | C10: "AddOnInstructionDefinition" selected from dropdown | D10: template select for AddOnInstructionDefinition elements opens
A11: =A10+1 -> 4 | B11: Select Element To Import | C11: "TemplateFBAOI" element selected for template | D11: add another from file window opens
A12: =A11+1 -> 5 | B12: Add another From File | C12: "Yes" button press | D12: open to type select window
A13: =A12+1 -> 6 | B13: Select Element Type | C13: "AddOnInstructionDefinition" selected from dropdown | D13: template select for AddOnInstructionDefinition elements opens
A14: =A13+1 -> 7 | B14: Select Element To Import | C14: "TemplateFBAOI" element selected for template | D14: move to add another window
A15: =A14+1 -> 8 | B15: Select Resolution Style | C15: "Replace" button press | D15: existing element replaced by new element, move to Add Another window
A16: =A15+1 -> 9 | B16: Add another From File | C16: "Yes" button press | D16: open to type select window
A17: =A16+1 -> 10 | B17: Select Element Type | C17: "AddOnInstructionDefinition" selected from dropdown | D17: template select for AddOnInstructionDefinition elements opens
A18: =A17+1 -> 11 | B18: Select Element To Import | C18: "TemplateFBAOI" element selected for template | D18: quantity select window opens
A19: =A18+1 -> 12 | B19: Select Resolution Style | C19: "Cancel" button press | D19: Cancel creation of new element, move to next element
A20: =A19+1 -> 13 | B20: Add another From File | C20: "Yes" button press | D20: open to type select window
... A25: =A24+1 -> 18 | B25: Add another From File | C25: "No" button press | D25: return to action select window

Sheet Element Creation Testing
A1: Element Quantity Creation | G1: Nameless Module Creation | M1: Redundant Element Creation
A2: Test Case ID: | C2: =IFERROR(_xlfn.XLOOKUP(A1, TestMaster[Test Name], TestMaster[Test ID], "ID not found"), "") -> 2 | E2: Test Execution Date: | G2: Test Case ID: | I2: =IFERROR(_xlfn.XLOOKUP(G1, TestMaster[Test Name], TestMaster[Test ID], "ID not found"), "") -> 3 | K2: Test Execution Date: | M2: Test Case ID: | O2: =IFERROR(_xlfn.XLOOKUP(M1, TestMaster[Test Name], TestMaster[Test ID], "ID not found"), "") -> 4 | Q2: Test Execution Date:
A3: Test Priority: | C3: =IFERROR(_xlfn.XLOOKUP(A1, TestMaster[Test Name], TestMaster[Test Priority], "Priority not found"), "") -> High | E3: Test Status: | F3: =IFERROR(_xlfn.XLOOKUP(A1, TestMaster[Test Name], TestMaster[Test Status], "Status not found"), "") -> Not Implemented | G3: Test Priority: | I3: =IFERROR(_xlfn.XLOOKUP(G1, TestMaster[Test Name], TestMaster[Test Priority], "Priority not found"), "") -> Medium | K3: Test Status: | L3: =IFERROR(_xlfn.XLOOKUP(G1, TestMaster[Test Name], TestMaster[Test Status], "Status not found"), "") -> Not Implemented | M3: Test Priority: | O3: =IFERROR(_xlfn.XLOOKUP(M1, TestMaster[Test Name], TestMaster[Test Priority], "Priority not found"), "") -> Low | Q3: Test Status: | R3: =IFERROR(_xlfn.XLOOKUP(M1, TestMaster[Test Name], TestMaster[Test Status], "Status not found"), "") -> Not Implemented
A4: Description: | G4: Description: | M4: Description:
A6: Preconditions: | G6: Preconditions: | M6: Preconditions:
A7: Step | B7: Test Step | C7: Used Data | D7: Expected Result | E7: Status | F7: Notes | G7: Step | H7: Test Step | I7: Used Data | J7: Expected Result | K7: Status | L7: Notes | M7: Step | N7: Test Step | O7: Used Data | P7: Expected Result | Q7: Status | R7: Notes
A8: 1 | B8: "Create Element" button pressed | C8: button press | D8: open type select window | G8: 1 | H8: "Create Element" button pressed | I8: button press | J8: open type select window | M8: 1 | N8: "Create Element" button pressed | O8: button press | P8: open type select window
A9: 2 | B9: Select Element Type | C9: "AddOnInstructionDefinition" selected from dropdown | D9: template select for AddOnInstructionDefinition elements opens | G9: 2 | H9: Select Element Type | I9: "Module" selected from dropdown | J9: template select for Module elements opens | M9: 2 | N9: Select Element Type | O9: "AddOnInstructionDefinition" selected from dropdown | P9: template select for AddOnInstructionDefinition elements opens
A10: 3 | B10: Select Element Template | C10: "TemplateFBAOI" element selected for template | D10: quantity select window opens | G10: 3 | H10: Select Element Template | I10: "1756-IA16" element selected for template | J10: quantity select window opens | M10: 3 | N10: Select Element Template | O10: "TemplateFBAOI" element selected for template | P10: quantity select window opens
A11: 4 | B11: Quantity Select | C11: User Inputs Quantity to create | D11: Set Name text input opens for first object | G11: 4 | H11: Select Quantity | I11: User Inputs Quantity to create | J11: Selected quantity of modules created, return to action select | M11: 4 | N11: Quantity Select | O11: User Inputs Quantity to create of 4 | P11: Set Name text input opens for first object
A12: 5 | B12: Set name of element | C12: Text input name of element | D12: new element created | M12: 5 | N12: Set name of element1 | O12: NewAOI | P12: new element created, move to name window for element2
A13: 6 | B13: Repeat step 5 for selected number of elements until all elements are named | C13: Text input names | D13: all elements created with names, then return to action select | M13: 6 | N13: Set name of element2 | O13: NewAOI | P13: redundant name, move to resolution style window
M14: 7 | N14: Select Resolution Style | O14: "Replace" button press | P14: existing element replaced by new element, move to next element
M15: 8 | N15: Set name of element3 | O15: NewAOI | P15: redundant name, move to resolution style window
M16: 9 | N16: Select Resolution Style | O16: "Cancel" button press | P16: Cancel creation of new element, move to next element
M17: 10 | N17: Set name of element4 | O17: NewAOI | P17: redundant name, move to resolution style window
M18: 11 | N18: Select Resolution Style | O18: "Name" button press | P18: open new name TextInput window
M19: 12 | N19: Set still redundant Name | O19: NewAOI | P19: name still redundant, choose new resolution method
M20: 13 | N20: Select Resolution Style | O20: "Name" button press | P20: open new name TextInput window
M21: 14 | N21: Set nonredundant Name | O21: OtherName | P21: new name set, return to action select window

Sheet Element Modification Testing
A1: No Element to Modify | G1: Completed Element Modification | M1: Modify into Redundant Element Name
A2: Test Case ID: | C2: =IFERROR(_xlfn.XLOOKUP(A1, TestMaster[Test Name], TestMaster[Test ID], "ID not found"), "") -> 5 | E2: Test Execution Date: | G2: Test Case ID: | I2: =IFERROR(_xlfn.XLOOKUP(G1, TestMaster[Test Name], TestMaster[Test ID], "ID not found"), "") -> 6 | K2: Test Execution Date: | M2: Test Case ID: | O2: =IFERROR(_xlfn.XLOOKUP(M1, TestMaster[Test Name], TestMaster[Test ID], "ID not found"), "") -> 7 | Q2: Test Execution Date:
A3: Test Priority: | C3: =IFERROR(_xlfn.XLOOKUP(A1, TestMaster[Test Name], TestMaster[Test Priority], "Priority not found"), "") -> Medium | E3: Test Status: | F3: =IFERROR(_xlfn.XLOOKUP(A1, TestMaster[Test Name], TestMaster[Test Status], "Status not found"), "") -> Not Implemented | G3: Test Priority: | I3: =IFERROR(_xlfn.XLOOKUP(G1, TestMaster[Test Name], TestMaster[Test Priority], "Priority not found"), "") -> Medium | K3: Test Status: | L3: =IFERROR(_xlfn.XLOOKUP(G1, TestMaster[Test Name], TestMaster[Test Status], "Status not found"), "") -> Not Implemented | M3: Test Priority: | O3: =IFERROR(_xlfn.XLOOKUP(M1, TestMaster[Test Name], TestMaster[Test Priority], "Priority not found"), "") -> Low | Q3: Test Status: | R3: =IFERROR(_xlfn.XLOOKUP(M1, TestMaster[Test Name], TestMaster[Test Status], "Status not found"), "") -> Not Implemented
A4: Description: | G4: Description: | M4: Description:
A6: Preconditions: | G6: Preconditions: | M6: Preconditions:
A7: Step | B7: Test Step | C7: Used Data | D7: Expected Result | E7: Status | F7: Notes | G7: Step | H7: Test Step | I7: Used Data | J7: Expected Result | K7: Status | L7: Notes | M7: Step | N7: Test Step | O7: Used Data | P7: Expected Result | Q7: Status | R7: Notes
A8: 1 | B8: "Modify" button pressed | C8: button press | D8: no element found window appears | G8: 1 | H8: "Modify" button pressed | I8: button press | J8: type select window appears | M8: 1 | N8: "Modify" button pressed | O8: button press | P8: type select window appears
A9: 2 | B9: "Ok" button pressed | C9: button press | D9: return to action select window | G9: 2 | H9: Type Select | I9: dropdown select type | J9: element select window appears, displaying all elements of chosen type | M9: 2 | N9: Type Select | O9: dropdown select type | P9: element select window appears, displaying all elements of chosen type
G10: 3 | H10: Select element to modify | I10: dropdown select element1, & element2 | J10: select attributes window appears | M10: 3 | N10: Select element to modify for element1 | O10: dropdown select element1, & element2 | P10: select attributes window appears
G11: 4 | H11: Select attributes to modify | I11: select Name & other to modify | J11: text window popup | M11: 4 | N11: Select attributes to modify for element1 | O11: select Name to modify | P11: text window popup
G12: 5 | H12: Set Name | I12: NewName | J12: continue to next attribute | M12: 5 | N12: Set Name for element1 | O12: NewName | P12: redundant name
G13: 6 | H13: Set other | I13: NewOther | J13: move to select subelements | M13: 6 | N13: Select Resolution Style | O13: "Replace" button press | P13: existing element replaced by new element, move to next element modify
G14: 7 | H14: Select subelements | M14: 8 | N14: Select attributes to modify for element2 | O14: select Name to modify | P14: text window popup
G15: 8 | H15: Select attributes to modify | I15: select Name & other to modify | J15: text window popup | M15: 9 | N15: Set Name for element2 | O15: NewName | P15: redundant name
G16: 9 | H16: Set Name | I16: NewName | J16: continue to next attribute | M16: 10 | N16: Select Resolution Style | O16: "Cancel" button press | P16: cancel element modification, return to action select window
G17: 10 | H17: Set other | I17: NewOther | J17: move to select subelements
G18: 11 | H18: Close select subelements window | I18: window X press | J18: move to element2 select attributes window
G19: 12 | H19: Select attributes to modify | I19: select Name to modify | J19: text window popup
G20: 13 | H20: Set Name | I20: NewName | J20: redundant name
G21: 14 | H21: Select Resolution Style | I21: "Name" button press | J21: text input for new name window appears
G22: 15 | H22: Set still redundant Name | I22: NewName | J22: name still redundant, choose new resolution method
G23: 16 | H23: Select Resolution Style | I23: "Name" button press | J23: text input for new name window appears
G24: 17 | H24: Set nonredundant Name | I24: OtherName | J24: new name set, continue to select subelements
G25: 18 | H25: Close select subelements window | I25: window X press | J25: return to action select window

Sheet Element Deletion Testing
A1: Delete No Element Type | G1: Delete Element Found | M1: Delete Module by Port
A2: Test Case ID: | C2: =IFERROR(_xlfn.XLOOKUP(A1, TestMaster[Test Name], TestMaster[Test ID], "ID not found"), "") -> 8 | E2: Test Execution Date: | G2: Test Case ID: | I2: =IFERROR(_xlfn.XLOOKUP(G1, TestMaster[Test Name], TestMaster[Test ID], "ID not found"), "") -> 9 | K2: Test Execution Date: | M2: Test Case ID: | O2: =IFERROR(_xlfn.XLOOKUP(M1, TestMaster[Test Name], TestMaster[Test ID], "ID not found"), "") -> 10 | Q2: Test Execution Date:
A3: Test Priority: | C3: =IFERROR(_xlfn.XLOOKUP(A1, TestMaster[Test Name], TestMaster[Test Priority], "Priority not found"), "") -> Medium | E3: Test Status: | F3: =IFERROR(_xlfn.XLOOKUP(A1, TestMaster[Test Name], TestMaster[Test Status], "Status not found"), "") -> Not Implemented | G3: Test Priority: | I3: =IFERROR(_xlfn.XLOOKUP(G1, TestMaster[Test Name], TestMaster[Test Priority], "Priority not found"), "") -> Medium | K3: Test Status: | L3: =IFERROR(_xlfn.XLOOKUP(G1, TestMaster[Test Name], TestMaster[Test Status], "Status not found"), "") -> Not Implemented | M3: Test Priority: | O3: =IFERROR(_xlfn.XLOOKUP(M1, TestMaster[Test Name], TestMaster[Test Priority], "Priority not found"), "") -> Low | Q3: Test Status: | R3: =IFERROR(_xlfn.XLOOKUP(M1, TestMaster[Test Name], TestMaster[Test Status], "Status not found"), "") -> Not Implemented
A4: Description: Testing that attempting to delete an element when no element exists causes a popup | G4: Description: | M4: Description:
A6: Preconditions: Empty File exists | G6: Preconditions: | M6: Preconditions:
A7: Step | B7: Test Step | C7: Used Data | D7: Expected Result | E7: Status | F7: Notes | G7: Step | H7: Test Step | I7: Used Data | J7: Expected Result | K7: Status | L7: Notes | M7: Step | N7: Test Step | O7: Used Data | P7: Expected Result | Q7: Status | R7: Notes
A8: 1 | B8: "Delete" button pressed | C8: button press | D8: no element found window appears | G8: 1 | H8: "Delete" button pressed | I8: button press | J8: type select window appears | M8: 1 | N8: "Delete" button pressed | O8: button press | P8: type select window appears
A9: 2 | B9: "Ok" button pressed | C9: button press | D9: return to action select window | G9: 2 | H9: Type Select | I9: dropdown select type | J9: element select window appears, displaying all elements of chosen type | M9: 2 | N9: Type Select | O9: dropdown select modules | P9: element select window appears, displaying all modules
G10: 3 | H10: Select element to delete | I10: dropdown select element | J10: chosen element is deleted, return to action select window | M10: 3 | N10: Select element to delete | O10: dropdown select element | P10: multiple elements by that name exist, move to window filtering by port
M11: 4 | N11: Select port for module | O11: dropdown select port | P11: module is deleted, return to action select window

Sheet File Manipulation Testing
A1: New File Creation | G1: Save File | M1: Load File | S1: Validate File | Y1: ActionSelectLayout
A2: Test Case ID: | C2: =IFERROR(_xlfn.XLOOKUP(A1, TestMaster[Test Name], TestMaster[Test ID], "ID not found"), "") -> 11 | E2: Test Execution Date: | G2: Test Case ID: | I2: =IFERROR(_xlfn.XLOOKUP(G1, TestMaster[Test Name], TestMaster[Test ID], "ID not found"), "") -> 12 | K2: Test Execution Date: | M2: Test Case ID: | O2: =IFERROR(_xlfn.XLOOKUP(M1, TestMaster[Test Name], TestMaster[Test ID], "ID not found"), "") -> 13 | Q2: Test Execution Date: | S2: Test Case ID: | U2: =IFERROR(_xlfn.XLOOKUP(S1, TestMaster[Test Name], TestMaster[Test ID], "ID not found"), "") -> 14 | W2: Test Execution Date: | Y2: Test Case ID: | AA2: =IFERROR(_xlfn.XLOOKUP(Y1, TestMaster[Test Name], TestMaster[Test ID], "ID not found"), "") -> 15 | AC2: Test Execution Date:
A3: Test Priority: | C3: =IFERROR(_xlfn.XLOOKUP(A1, TestMaster[Test Name], TestMaster[Test Priority], "Priority not found"), "") -> High | E3: Test Status: | F3: =IFERROR(_xlfn.XLOOKUP(A1, TestMaster[Test Name], TestMaster[Test Priority], "Priority not found"), "") -> High | G3: Test Priority: Low | I3: =IFERROR(_xlfn.XLOOKUP(G1, TestMaster[Test Name], TestMaster[Test Priority], "Priority not found"), "") -> High | K3: Test Status: | L3: =IFERROR(_xlfn.XLOOKUP(G1, TestMaster[Test Name], TestMaster[Test Priority], "Priority not found"), "") -> High | M3: Test Priority: | O3: =IFERROR(_xlfn.XLOOKUP(M1, TestMaster[Test Name], TestMaster[Test Priority], "Priority not found"), "") -> Medium | Q3: Test Status: | R3: =IFERROR(_xlfn.XLOOKUP(M1, TestMaster[Test Name], TestMaster[Test Priority], "Priority not found"), "") -> Medium | S3: Test Priority: | U3: =IFERROR(_xlfn.XLOOKUP(S1, TestMaster[Test Name], TestMaster[Test Priority], "Priority not found"), "") -> Low | W3: Test Status: | X3: =IFERROR(_xlfn.XLOOKUP(S1, TestMaster[Test Name], TestMaster[Test Priority], "Priority not found"), "") -> Low | Y3: Test Priority: | AA3: =IFERROR(_xlfn.XLOOKUP(Y1, TestMaster[Test Name], TestMaster[Test Priority], "Priority not found"), "") -> High | AC3: Test Status: | AD3: =IFERROR(_xlfn.XLOOKUP(Y1, TestMaster[Test Name], TestMaster[Test Priority], "Priority not found"), "") -> High
A4: Description: Test the creation of an empty template file, overwriting the existing file. | G4: Description: Test the saving of a file. | M4: Description: Test the creation of an empty template file, overwriting the existing file. | S4: Description: Test the creation of an empty template file, overwriting the existing file. | Y4: Description: Test the creation of an empty template file, overwriting the existing file.
A6: Preconditions: None | G6: Preconditions: None | M6: Preconditions: File to load. | S6: Preconditions: Empty template file loaded into application | Y6: Preconditions: None
A7: Step | B7: Test Step | C7: Used Data | D7: Expected Result | E7: Status | F7: Notes | G7: Step | H7: Test Step | I7: Used Data | J7: Expected Result | K7: Status | L7: Notes | M7: Step | N7: Test Step | O7: Used Data | P7: Expected Result | Q7: Status | R7: Notes | S7: Step | T7: Test Step | U7: Used Data | V7: Expected Result | W7: Status | X7: Notes | Y7: Step | Z7: Test Step | AA7: Used Data | AB7: Expected Result | AC7: Status | AD7: Notes
A8: 1 | B8: "New File" Button Pressed | C8: button press | D8: verify window opened | G8: 1 | H8: "Save File" Button Pressed | I8: button press | J8: File explorer opens | M8: 1 | N8: "Load File" button Press | O8: button press | P8: File Explorer opens | S8: 1 | T8: "Validate" button pressed | U8: error window appears with "No Errors Found!" | Y8: 1 | Z8: Launch program | AA8: Launch exe | AB8: application launches
A9: 2 | B9: Confirm File Creation | C9: "Yes" button press | D9: New File created | G9: 2 | H9: File Location Save | I9: AutoCreated "GeneratedFile##.L5X" name at default location: "C:\Users\i01505732\OneDrive - Endress+Hauser\Thesis Work\CodeProjects\L5XFiles\GeneratedFiles" | J9: New file created at location, return to action select window | M9: 2 | N9: File to load selected | O9: C:\Users\i01505732\OneDrive - Endress+Hauser\Thesis Work\CodeProjects\L5XFiles\TemplateFiles\BasicControllertags.L5X | P9: doc object in Execute.cs updated to new object | S9: 2 | T9: "Ok" button pressed | U9: Return to action select window | Y9: 2 | Z9: Verify Buttons found | AA9: ImportElementButton, "CreateElementButton", "ModifyElementButton", "DeleteElementButton", "NewFileButton", "LoadFileButton", "ValidateFileButton", "SaveFileButton", "ExitActionSelect", "Minimize", "Maximize", "Close" | AB9: button names match list
A10: 3 | B10: Confirm Successful Creation | C10: "ok" button Press | D10: return to action select window | G10: 3 | H10: Verify File Saved | I10: Check file exists at expected location | J10: File found | M10: 3 | N10: Verify New File Loaded | O10: Check one of the subobjects | P10: subobject exists | S10: 3 | T10: Load File with error | U10: File successfully loaded | Y10: 3 | Z10: "Exit" button pressed | AA10: button press | AB10: application closes
A11: 4 | B11: Repeat step 1 | C11: "new" button press | D11: verify window opened | S11: 4 | T11: "Validate" button pressed | U11: Error window appears with errors displayed
A12: 5 | B12: Cancel File Creation | C12: "No Button Press" | D12: return to action select window | S12: 5 | T12: "Ok" | U12: Return to action select window
